Module,BankOrContext,Start,EndInclusive,Bytes,Symbol,Type,Section
"shell","RAM","$0801","$0852","82","startup","NATIVE_CODE","startup"
"shell","RAM","$0A00","$10F5","1782","main","NATIVE_CODE","code"
"shell","RAM","$10F6","$112B","54","bootsplash","NATIVE_CODE","code"
"shell","RAM","$112C","$112F","4","bank_enter@proxy","NATIVE_CODE","code"
"shell","RAM","$1130","$113C","13","bank_enter","NATIVE_CODE","code"
"shell","RAM","$113D","$114A","14","charset_prepare","NATIVE_CODE","code"
"shell","RAM","$114B","$1169","31","bank_leave","NATIVE_CODE","code"
"shell","RAM","$116A","$117A","17","clock","NATIVE_CODE","code"
"shell","RAM","$117B","$117D","3","$outline#47","NATIVE_CODE","code"
"shell","RAM","$117E","$11C4","71","print","NATIVE_CODE","code"
"shell","RAM","$11C5","$11CC","8","snprintf@proxy","NATIVE_CODE","code"
"shell","RAM","$11CD","$11E6","26","snprintf","NATIVE_CODE","code"
"shell","RAM","$11E7","$1425","575","vsnprintf","NATIVE_CODE","code"
"shell","RAM","$1426","$142D","8","strlen@proxy","NATIVE_CODE","code"
"shell","RAM","$142E","$1449","28","strlen","NATIVE_CODE","code"
"shell","RAM","$144A","$1451","8","$outline#124","NATIVE_CODE","code"
"shell","RAM","$1452","$1454","3","$outline#34","NATIVE_CODE","code"
"shell","RAM","$1455","$14B6","98","outs","NATIVE_CODE","code"
"shell","RAM","$14B7","$14BA","4","$outline#116","NATIVE_CODE","code"
"shell","RAM","$14BB","$153C","130","outc","NATIVE_CODE","code"
"shell","RAM","$153D","$15E3","167","newline","NATIVE_CODE","code"
"shell","RAM","$15E4","$15FD","26","outputbyte","NATIVE_CODE","code"
"shell","RAM","$15FE","$1657","90","outputflush","NATIVE_CODE","code"
"shell","RAM","$1658","$165B","4","channel_write@proxy","NATIVE_CODE","code"
"shell","RAM","$165C","$1710","181","channel_write","NATIVE_CODE","code"
"shell","RAM","$1711","$171D","13","memcpy@proxy","NATIVE_CODE","code"
"shell","RAM","$171E","$1721","4","memcpy@proxy","NATIVE_CODE","code"
"shell","RAM","$1722","$1748","39","memcpy","NATIVE_CODE","code"
"shell","RAM","$1753","$1760","14","call","NATIVE_CODE","code"
"shell","RAM","$1761","$1775","21","krnio_chkout","NATIVE_CODE","code"
"shell","RAM","$1776","$177F","10","krnio_chrout","NATIVE_CODE","code"
"shell","RAM","$1780","$178B","12","krnio_status","NATIVE_CODE","code"
"shell","RAM","$178C","$178F","4","krnio_clrchn","NATIVE_CODE","code"
"shell","RAM","$1790","$1793","4","$outline#62","NATIVE_CODE","code"
"shell","RAM","$1794","$17D8","69","error","NATIVE_CODE","code"
"shell","RAM","$17D9","$1815","61","say","NATIVE_CODE","code"
"shell","RAM","$1816","$181E","9","screen_reverse","NATIVE_CODE","code"
"shell","RAM","$181F","$1830","18","clear","NATIVE_CODE","code"
"shell","RAM","$1843","$1852","16","memmove@proxy","NATIVE_CODE","code"
"shell","RAM","$1853","$18DA","136","memmove","NATIVE_CODE","code"
"shell","RAM","$18DB","$18DE","4","charset_scroll","NATIVE_CODE","code"
"shell","RAM","$18DF","$1918","58","cs_scroll","NATIVE_CODE","code"
"shell","RAM","$1919","$1922","10","displayc","NATIVE_CODE","code"
"shell","RAM","$1923","$198F","109","screen_putc","NATIVE_CODE","code"
"shell","RAM","$1990","$1998","9","gotoxy","NATIVE_CODE","code"
"shell","RAM","$1999","$19FF","103","statuschannel","NATIVE_CODE","code"
"shell","RAM","$1A00","$1A03","4","channel_close@proxy","NATIVE_CODE","code"
"shell","RAM","$1A04","$1A24","33","channel_close","NATIVE_CODE","code"
"shell","RAM","$1A25","$1A2C","8","krnio_close","NATIVE_CODE","code"
"shell","RAM","$1A2D","$1A30","4","channel_open@proxy","NATIVE_CODE","code"
"shell","RAM","$1A31","$1A76","70","channel_open","NATIVE_CODE","code"
"shell","RAM","$1A77","$1AB8","66","cart_open","NATIVE_CODE","code"
"shell","RAM","$1AB9","$1AC0","8","strcpy@proxy","NATIVE_CODE","code"
"shell","RAM","$1AC1","$1AE1","33","strcpy","NATIVE_CODE","code"
"shell","RAM","$1AE2","$1AF7","22","krnio_setnam","NATIVE_CODE","code"
"shell","RAM","$1AF8","$1B25","46","krnio_open","NATIVE_CODE","code"
"shell","RAM","$1B27","$1B6A","68","drivetype","NATIVE_CODE","code"
"shell","RAM","$1B6B","$1B6E","4","channel_read@proxy","NATIVE_CODE","code"
"shell","RAM","$1B6F","$1BFE","144","channel_read","NATIVE_CODE","code"
"shell","RAM","$1BFF","$1C75","119","cart_read","NATIVE_CODE","code"
"shell","RAM","$1C76","$1C8A","21","krnio_chkin","NATIVE_CODE","code"
"shell","RAM","$1C8B","$1C92","8","krnio_chrin","NATIVE_CODE","code"
"shell","RAM","$1C93","$1C96","4","charset_default","NATIVE_CODE","code"
"shell","RAM","$1C97","$1CA9","19","cs_default","NATIVE_CODE","code"
"shell","RAM","$1CAA","$1CD0","39","screen_puts","NATIVE_CODE","code"
"shell","RAM","$1CD1","$1CD9","9","splash_nmi","NATIVE_CODE","code"
"shell","RAM","$1CDA","$1CDD","4","charset_enable","NATIVE_CODE","code"
"shell","RAM","$1CDE","$1D15","56","cs_enable","NATIVE_CODE","code"
"shell","RAM","$1D16","$1D77","98","caret_init","NATIVE_CODE","code"
"shell","RAM","$1D78","$1D80","9","caret_hide","NATIVE_CODE","code"
"shell","RAM","$1D81","$1DBE","62","bootstart","NATIVE_CODE","code"
"shell","RAM","$1DBF","$1E39","123","cs_prepare","NATIVE_CODE","code"
"shell","RAM","$1E3A","$1E3B","2","charset_nmi","NATIVE_CODE","code"
"shell","RAM","$1E3C","$1E50","21","cart_init","NATIVE_CODE","code"
"shell","RAM","$1E51","$1E5D","13","cart_config","NATIVE_CODE","code"
"shell","RAM","$1E5E","$1E66","9","$outline#98","NATIVE_CODE","code"
"shell","RAM","$1E67","$1E68","2","cart_status","NATIVE_CODE","code"
"shell","RAM","$1E69","$1E71","9","$outline#48","NATIVE_CODE","code"
"shell","RAM","$1E72","$1E79","8","filename@proxy","NATIVE_CODE","code"
"shell","RAM","$1E7A","$1EF9","128","filename","NATIVE_CODE","code"
"shell","RAM","$1EFA","$1F01","8","rawget@proxy","NATIVE_CODE","code"
"shell","RAM","$1F02","$1F12","17","rawget","NATIVE_CODE","code"
"shell","RAM","$1F13","$1F66","84","findfile","NATIVE_CODE","code"
"shell","RAM","$1F67","$2046","224","command","NATIVE_CODE","code"
"shell","RAM","$2072","$21E7","374","diskstatus","NATIVE_CODE","code"
"shell","RAM","$222C","$2277","76","directory_open","NATIVE_CODE","code"
"shell","RAM","$2278","$22F6","127","cart_directory","NATIVE_CODE","code"
"shell","RAM","$22F9","$243A","322","directory_read","NATIVE_CODE","code"
"shell","RAM","$243B","$2442","8","strcmp@proxy","NATIVE_CODE","code"
"shell","RAM","$2443","$246F","45","strcmp","NATIVE_CODE","code"
"shell","RAM","$2470","$254F","224","runbatch","NATIVE_CODE","code"
"shell","RAM","$2570","$25A7","56","openread","NATIVE_CODE","code"
"shell","RAM","$25A8","$25AB","4","readio@proxy","NATIVE_CODE","code"
"shell","RAM","$25AC","$25D6","43","readio","NATIVE_CODE","code"
"shell","RAM","$2632","$263C","11","toupper","NATIVE_CODE","code"
"shell","RAM","$263D","$2676","58","getch","NATIVE_CODE","code"
"shell","RAM","$2677","$2688","18","session_save","NATIVE_CODE","code"
"shell","RAM","$2689","$26AA","34","session_fontread","NATIVE_CODE","code"
"shell","RAM","$26AB","$26C0","22","handoff","NATIVE_CODE","code"
"shell","RAM","$26C1","$26F6","54","startupcharset","NATIVE_CODE","code"
"shell","RAM","$26F7","$27A2","172","envget","NATIVE_CODE","code"
"shell","RAM","$27A3","$27FE","92","strncmp","NATIVE_CODE","code"
"shell","RAM","$27FF","$2806","8","strcat@proxy","NATIVE_CODE","code"
"shell","RAM","$2807","$2839","51","strcat","NATIVE_CODE","code"
"shell","RAM","$283A","$283D","4","charset_commit","NATIVE_CODE","code"
"shell","RAM","$283E","$2880","67","cs_commit","NATIVE_CODE","code"
"shell","RAM","$2881","$2888","8","uppername@proxy","NATIVE_CODE","code"
"shell","RAM","$2889","$2890","8","uppername@proxy","NATIVE_CODE","code"
"shell","RAM","$2891","$28BF","47","uppername","NATIVE_CODE","code"
"shell","RAM","$28C0","$28CC","13","startupprompt","NATIVE_CODE","code"
"shell","RAM","$28CD","$28FC","48","startupcolor","NATIVE_CODE","code"
"shell","RAM","$28FD","$2912","22","stop","NATIVE_CODE","code"
"shell","RAM","$2913","$2919","7","kbhit","NATIVE_CODE","code"
"shell","RAM","$2931","$2A43","275","showprompt","NATIVE_CODE","code"
"shell","RAM","$2A47","$2AD3","141","drivename","NATIVE_CODE","code"
"shell","RAM","$2AE1","$2B37","87","input","NATIVE_CODE","code"
"shell","RAM","$2B38","$2B53","28","memset","NATIVE_CODE","code"
"shell","RAM","$2B54","$2B57","4","caret_show@proxy","NATIVE_CODE","code"
"shell","RAM","$2B58","$2B90","57","caret_show","NATIVE_CODE","code"
"shell","RAM","$2B91","$2D17","391","path","NATIVE_CODE","code"
"shell","RAM","$2D47","$2D50","10","strchr@proxy","NATIVE_CODE","code"
"shell","RAM","$2D51","$2D58","8","strchr@proxy","NATIVE_CODE","code"
"shell","RAM","$2D59","$2D7A","34","strchr","NATIVE_CODE","code"
"shell","RAM","$2D8D","$2DCA","62","directory","NATIVE_CODE","code"
"shell","RAM","$2DCB","$2DD2","8","rawset@proxy","NATIVE_CODE","code"
"shell","RAM","$2DD3","$2DF3","33","rawset","NATIVE_CODE","code"
"shell","RAM","$2E18","$345F","1608","executecommand","NATIVE_CODE","code"
"shell","RAM","$3460","$3467","8","stricmp@proxy","NATIVE_CODE","code"
"shell","RAM","$3468","$3493","44","stricmp","NATIVE_CODE","code"
"shell","RAM","$349A","$34A3","10","commandid@proxy","NATIVE_CODE","code"
"shell","RAM","$34A4","$3508","101","commandid","NATIVE_CODE","code"
"shell","RAM","$35DD","$360D","49","help","NATIVE_CODE","code"
"shell","RAM","$360E","$3644","55","cart_help","NATIVE_CODE","code"
"shell","RAM","$3645","$36BB","119","page","NATIVE_CODE","code"
"shell","RAM","$36DC","$36EB","16","screen_clear","NATIVE_CODE","code"
"shell","RAM","$36EC","$371C","49","setcmd","NATIVE_CODE","code"
"shell","RAM","$371D","$374C","48","strnicmp","NATIVE_CODE","code"
"shell","RAM","$374D","$377A","46","charsetname","NATIVE_CODE","code"
"shell","RAM","$377B","$37A0","38","dirdefaults","NATIVE_CODE","code"
"shell","RAM","$37A8","$38BD","278","tokenize","NATIVE_CODE","code"
"shell","RAM","$38E4","$38F3","16","strtoul@proxy","NATIVE_CODE","code"
"shell","RAM","$38F4","$39C4","209","strtoul","NATIVE_CODE","code"
"shell","RAM","$39C5","$39D0","12","$outline#117","NATIVE_CODE","code"
"shell","RAM","$39E2","$3A17","54","volcmd","NATIVE_CODE","code"
"shell","RAM","$3A18","$3B08","241","reportoptions","NATIVE_CODE","code"
"shell","RAM","$3B21","$3B35","21","cart_compact","NATIVE_CODE","code"
"shell","RAM","$3B36","$3B3F","10","allocated@proxy","NATIVE_CODE","code"
"shell","RAM","$3B40","$3B47","8","allocated","NATIVE_CODE","code"
"shell","RAM","$3B48","$3B4F","8","decimal@proxy","NATIVE_CODE","code"
"shell","RAM","$3B50","$3BC9","122","decimal","NATIVE_CODE","code"
"shell","RAM","$3BCA","$3C9A","209","volumeheader","NATIVE_CODE","code"
"shell","RAM","$3CC4","$3D01","62","bam","NATIVE_CODE","code"
"shell","RAM","$3D12","$3D47","54","copycmd","NATIVE_CODE","code"
"shell","RAM","$3D48","$3D4F","8","strpbrk@proxy","NATIVE_CODE","code"
"shell","RAM","$3D50","$3D57","8","strpbrk@proxy","NATIVE_CODE","code"
"shell","RAM","$3D58","$3DA3","76","strpbrk","NATIVE_CODE","code"
"shell","RAM","$3DA4","$3E2E","139","yesno","NATIVE_CODE","code"
"shell","RAM","$3E2F","$3E3B","13","editstatus","NATIVE_CODE","code"
"shell","RAM","$3E45","$3E74","48","editsaving","NATIVE_CODE","code"
"shell","RAM","$3E75","$3F5C","232","match","NATIVE_CODE","code"
"shell","RAM","$3F5D","$3F94","56","copyrel","NATIVE_CODE","code"
"shell","RAM","$3F95","$3FD8","68","preparewrite","NATIVE_CODE","code"
"shell","RAM","$3FD9","$3FEE","22","channel_abort","NATIVE_CODE","code"
"shell","RAM","$3FEF","$401E","48","delcmd","NATIVE_CODE","code"
"shell","RAM","$401F","$404E","48","dircmd","NATIVE_CODE","code"
"shell","RAM","$404F","$408A","60","typename","NATIVE_CODE","code"
"shell","RAM","$40A3","$40D2","48","diskcopycmd","NATIVE_CODE","code"
"shell","RAM","$40EC","$411B","48","editcmd","NATIVE_CODE","code"
"shell","RAM","$411C","$415D","66","openreadtype","NATIVE_CODE","code"
"shell","RAM","$415E","$41A4","71","openwrite","NATIVE_CODE","code"
"shell","RAM","$41B3","$41E2","48","formatcmd","NATIVE_CODE","code"
"shell","RAM","$41F3","$4222","48","labelcmd","NATIVE_CODE","code"
"shell","RAM","$42CF","$4304","54","typecmd","NATIVE_CODE","code"
"shell","RAM","$4305","$4334","48","renamecmd","NATIVE_CODE","code"
"shell","RAM","$4335","$4364","48","runcmd","NATIVE_CODE","code"
"shell","RAM","$4365","$439C","56","session_run","NATIVE_CODE","code"
"shell","RAM","$439D","$4516","378","cart_launch","NATIVE_CODE","code"
"shell","RAM","$4517","$4568","82","launch","NATIVE_CODE","code"
"shell","RAM","$4569","$4583","27","display_reset","NATIVE_CODE","code"
"shell","RAM","$45B4","$45E3","48","diskidcmd","NATIVE_CODE","code"
"shell","RAM","$45E4","$4613","48","findcmd","NATIVE_CODE","code"
"shell","RAM","$4614","$4643","48","diskinitcmd","NATIVE_CODE","code"
"shell","RAM","$4644","$4673","48","attribcmd","NATIVE_CODE","code"
"shell","RAM","$4674","$468F","28","cart_attribute","NATIVE_CODE","code"
"shell","RAM","$4690","$46CC","61","rawopen","NATIVE_CODE","code"
"shell","RAM","$46CD","$46E4","24","tracksectors","NATIVE_CODE","code"
"shell","RAM","$46E5","$4737","83","blockio","NATIVE_CODE","code"
"shell","RAM","$475E","$47AA","77","findoptions","NATIVE_CODE","code"
"shell","RAM","$47AB","$47CE","36","typeoptions","NATIVE_CODE","code"
"shell","RAM","$48C0","$4901","66","scratch","NATIVE_CODE","code"
"shell","RAM","$4946","$497B","54","mul32by8","NATIVE_CODE","code"
"shell","RAM","$4997","$49A4","14","negaccu","NATIVE_CODE","code"
"shell","RAM","$49A5","$49B2","14","negtmp","NATIVE_CODE","code"
"shell","RAM","$49B3","$4A3D","139","divmod","NATIVE_CODE","code"
"shell","RAM","$4A3E","$4A5C","31","mods16","NATIVE_CODE","code"
"shell","RAM","$4A87","$4A94","14","negtmpb","NATIVE_CODE","code"
"shell","RAM","$4AB3","$4B99","231","divmod32","NATIVE_CODE","code"
"shell","RAM","$4B9A","$4BAA","17","store32","NATIVE_CODE","code"
"shell","RAM","$4BAB","$4BBB","17","load32","NATIVE_CODE","code"
"shell","RAM","$4BBC","$4BCB","16","__multab10L","DATA","code"
"shell","RAM","$4BCC","$4BD5","10","__multab65L","DATA","code"
"shell","RAM","$4BD6","$4BDF","10","__multab65H","DATA","code"
"shell","RAM","$4BE0","$4BE9","10","__multab9L","DATA","code"
"shell","RAM","$4BEA","$4BF4","11","divmod32@proxy","NATIVE_CODE","code"
"shell","RAM","$4BF5","$4BFB","7","decimal@proxy","NATIVE_CODE","code"
"shell","RAM","$4BFC","$4C05","10","decimal@proxy","NATIVE_CODE","code"
"shell","RAM","$4C06","$4C10","11","decimal@proxy","NATIVE_CODE","code"
"shell","RAM","$4C11","$4C1B","11","uppername@proxy","NATIVE_CODE","code"
"shell","RAM","$4C1C","$4C28","13","strcmp@proxy","NATIVE_CODE","code"
"shell","RAM","$4C29","$4C3B","19","strcmp@proxy","NATIVE_CODE","code"
"shell","RAM","$4C3C","$4C46","11","strcmp@proxy","NATIVE_CODE","code"
"shell","RAM","$4C47","$4C53","13","stricmp@proxy","NATIVE_CODE","code"
"shell","RAM","$4C54","$4C5E","11","stricmp@proxy","NATIVE_CODE","code"
"shell","RAM","$4C5F","$4C69","11","stricmp@proxy","NATIVE_CODE","code"
"shell","RAM","$4C6A","$4C76","13","stricmp@proxy","NATIVE_CODE","code"
"shell","RAM","$4C77","$4C81","11","stricmp@proxy","NATIVE_CODE","code"
"shell","RAM","$4C82","$4C8C","11","stricmp@proxy","NATIVE_CODE","code"
"shell","RAM","$4C8D","$4C93","7","caret_show@proxy","NATIVE_CODE","code"
"shell","RAM","$4C94","$4C9E","11","strchr@proxy","NATIVE_CODE","code"
"shell","RAM","$4C9F","$4CAD","15","strchr@proxy","NATIVE_CODE","code"
"shell","RAM","$4CAE","$4CB8","11","strchr@proxy","NATIVE_CODE","code"
"shell","RAM","$4CB9","$4CCB","19","strchr@proxy","NATIVE_CODE","code"
"shell","RAM","$4CCC","$4CD6","11","strchr@proxy","NATIVE_CODE","code"
"shell","RAM","$4CD7","$4CE1","11","filename@proxy","NATIVE_CODE","code"
"shell","RAM","$4CE2","$4CEC","11","filename@proxy","NATIVE_CODE","code"
"shell","RAM","$4CED","$4CF3","7","bank_enter@proxy","NATIVE_CODE","code"
"shell","RAM","$4CF4","$4CFA","7","bank_enter@proxy","NATIVE_CODE","code"
"shell","RAM","$4CFB","$4D01","7","bank_enter@proxy","NATIVE_CODE","code"
"shell","RAM","$4D02","$4D08","7","bank_enter@proxy","NATIVE_CODE","code"
"shell","RAM","$4D09","$4D13","11","channel_open@proxy","NATIVE_CODE","code"
"shell","RAM","$4D14","$4D1E","11","channel_open@proxy","NATIVE_CODE","code"
"shell","RAM","$4D1F","$4D25","7","channel_close@proxy","NATIVE_CODE","code"
"shell","RAM","$4D26","$4D2C","7","channel_close@proxy","NATIVE_CODE","code"
"shell","RAM","$4D2D","$4D33","7","channel_close@proxy","NATIVE_CODE","code"
"shell","RAM","$4D34","$4D3A","7","channel_close@proxy","NATIVE_CODE","code"
"shell","RAM","$4D3B","$4D41","7","strlen@proxy","NATIVE_CODE","code"
"shell","RAM","$4D42","$4D4C","11","strlen@proxy","NATIVE_CODE","code"
"shell","RAM","$4D4D","$4D53","7","strlen@proxy","NATIVE_CODE","code"
"shell","RAM","$4D54","$4D60","13","strlen@proxy","NATIVE_CODE","code"
"shell","RAM","$4D61","$4D67","7","gotoxy@proxy","NATIVE_CODE","code"
"shell","RAM","$4D68","$4D6F","8","gotoxy@proxy","NATIVE_CODE","code"
"shell","RAM","$4D70","$4D76","7","gotoxy@proxy","NATIVE_CODE","code"
"shell","RAM","$4D77","$4D89","19","channel_write@proxy","NATIVE_CODE","code"
"shell","RAM","$4D8A","$4DA0","23","channel_write@proxy","NATIVE_CODE","code"
"shell","RAM","$4DA1","$4DAB","11","channel_write@proxy","NATIVE_CODE","code"
"shell","RAM","$4DAC","$4DB2","7","call@proxy","NATIVE_CODE","code"
"shell","RAM","$4DB3","$4DB6","4","call@proxy","NATIVE_CODE","code"
"shell","RAM","$4DB7","$4DBD","7","call@proxy","NATIVE_CODE","code"
"shell","RAM","$4DBE","$4DC4","7","memcpy@proxy","NATIVE_CODE","code"
"shell","RAM","$4DC5","$4DD2","14","$outline#1","NATIVE_CODE","code"
"shell","RAM","$4DD3","$4DDD","11","$outline#4","NATIVE_CODE","code"
"shell","RAM","$4DDE","$4DF0","19","$outline#17","NATIVE_CODE","code"
"shell","RAM","$4DF1","$4DFA","10","$outline#18","NATIVE_CODE","code"
"shell","RAM","$4DFB","$4E08","14","$outline#19","NATIVE_CODE","code"
"shell","RAM","$4E09","$4E1F","23","$outline#29","NATIVE_CODE","code"
"shell","RAM","$4E20","$4E28","9","$outline#41","NATIVE_CODE","code"
"shell","RAM","$4E29","$4E39","17","$outline#57","NATIVE_CODE","code"
"shell","RAM","$4E3A","$4E48","15","$outline#76","NATIVE_CODE","code"
"shell","RAM","$4E49","$4E57","15","$outline#77","NATIVE_CODE","code"
"shell","RAM","$4E58","$4E66","15","$outline#79","NATIVE_CODE","code"
"shell","RAM","$4E67","$4E6F","9","$outline#80","NATIVE_CODE","code"
"shell","RAM","$4E70","$4E78","9","$outline#82","NATIVE_CODE","code"
"shell","RAM","$4E79","$4E81","9","$outline#87","NATIVE_CODE","code"
"shell","RAM","$4E82","$4E88","7","$outline#100","NATIVE_CODE","code"
"shell","RAM","$4E89","$4E8F","7","$outline#101","NATIVE_CODE","code"
"shell","RAM","$4E90","$4E97","8","$outline#126","NATIVE_CODE","code"
"shell","RAM","$4E98","$4EA2","11","$outline#136","NATIVE_CODE","code"
"shell","RAM","$4EA3","$4EAD","11","$outline#141","NATIVE_CODE","code"
"shell","RAM","$4EAE","$4EB8","11","$outline#142","NATIVE_CODE","code"
"shell","RAM","$4EB9","$4EB9","1","spentry","DATA","data"
"shell","RAM","$4EBA","$4EBA","1","giocharmap","DATA","data"
"shell","RAM","$4EBB","$4EBC","2","screenbase","DATA","data"
"shell","RAM","$4EBD","$4EBD","1","fg","DATA","data"
"shell","RAM","$4EBE","$4EC5","8","screen_codes","DATA","data"
"shell","RAM","$4EC6","$4EC6","1","bg","DATA","data"
"shell","RAM","$4EC7","$4EC7","1","bd","DATA","data"
"shell","RAM","$4EC8","$4EC8","1","echoon","DATA","data"
"shell","RAM","$4EC9","$4F48","128","_cinfo","DATA","data"
"shell","RAM","$4F49","$4F88","64","commands","DATA","data"
"shell","RAM","$4F89","$4FDD","85","loader_bytes","DATA","data"
"shell","RAM","$4FDE","$5015","56","bitshift","DATA","data"
"shell","RAM","$5016","$5016","1","resume_requested","DATA","bss"
"shell","RAM","$5017","$5116","256","io","DATA","bss"
"shell","RAM","$5117","$51B6","160","fmtbuf","DATA","bss"
"shell","RAM","$51B7","$51B7","1","redirected","DATA","bss"
"shell","RAM","$51B8","$51B8","1","outputfailed","DATA","bss"
"shell","RAM","$51B9","$5238","128","outputbuf","DATA","bss"
"shell","RAM","$5239","$5239","1","outputused","DATA","bss"
"shell","RAM","$523A","$523F","6","cart_channels","DATA","bss"
"shell","RAM","$5240","$5240","1","aborted","DATA","bss"
"shell","RAM","$5241","$5241","1","editprompt","DATA","bss"
"shell","RAM","$5242","$5242","1","reverse_mask","DATA","bss"
"shell","RAM","$5243","$5243","1","oy","DATA","bss"
"shell","RAM","$5244","$5244","1","ox","DATA","bss"
"shell","RAM","$5245","$5245","1","outputcol","DATA","bss"
"shell","RAM","$5246","$5247","2","cmddev","DATA","bss"
"shell","RAM","$5248","$5248","1","cmdslot","DATA","bss"
"shell","RAM","$5249","$5258","16","krnio_pstatus","DATA","bss"
"shell","RAM","$5259","$5618","960","workspace","DATA","bss"
"shell","RAM","$5619","$5619","1","skipautoexec","DATA","bss"
"shell","RAM","$561A","$561A","1","drive","DATA","bss"
"shell","RAM","$561B","$561B","1","pagelines","DATA","bss"
"shell","RAM","$561C","$561C","1","batching","DATA","bss"
"shell","RAM","$561D","$561D","1","reboot","DATA","bss"
"shell","RAM","$561E","$561E","1","quit","DATA","bss"
"shell","RAM","$561F","$561F","1","envready","DATA","bss"
"shell","RAM","$5620","$5621","2","count","DATA","bss"
"shell","RAM","$5622","$5622","1","cachevalid","DATA","bss"
"shell","RAM","$5623","$5623","1","histnext","DATA","bss"
"shell","RAM","$5624","$5624","1","histcount","DATA","bss"
"shell","RAM","$5625","$5626","2","envused","DATA","bss"
"shell","RAM","$5627","$5667","65","draft","DATA","bss"
"shell","RAM","$5668","$56A8","65","line","DATA","bss"
"shell","RAM","$56A9","$58A8","512","environment","DATA","bss"
"shell","RAM","$58A9","$58C9","33","prompttext","DATA","bss"
"shell","RAM","$58CA","$58CB","2","batchlen","DATA","bss"
"shell","RAM","$58CC","$58CD","2","batchpos","DATA","bss"
"shell","RAM","$58CE","$58DD","16","eof","DATA","bss"
"shell","RAM","$58DE","$58EF","18","p1","DATA","bss"
"shell","RAM","$58F0","$5951","98","parsebuf","DATA","bss"
"shell","RAM","$5952","$595E","13","rawparse","DATA","bss"
"shell","RAM","$595F","$595F","1","cachedev","DATA","bss"
"shell","RAM","$5960","$5961","2","freeblocks","DATA","bss"
"shell","RAM","$5962","$59A1","64","statusbuf","DATA","bss"
"shell","RAM","$59A2","$59B2","17","volume","DATA","bss"
"shell","RAM","$59B3","$59B3","1","copysuppress","DATA","bss"
"shell","RAM","$59B4","$70D3","5920","directory_entries","DATA","bss"
"shell","RAM","$70D4","$78D4","2049","batch","DATA","bss"
"shell","RAM","$78D5","$7B5E","650","history","DATA","bss"
"shell","RAM","$7B5F","$7BB8","90","rawhistory","DATA","bss"
"shell","RAM","$7BB9","$7BC1","9","rawline","DATA","bss"
"shell","RAM","$7BC2","$7BC5","4","text","DATA","bss"
"shell","RAM","$7BC6","$7C06","65","token","DATA","bss"
"shell","RAM","$7C07","$7C0F","9","rawdraft","DATA","bss"
"shell","RAM","$7C10","$7C10","1","noseparators","DATA","bss"
"shell","RAM","$7C11","$7C31","33","value","DATA","bss"
"shell","RAM","$7C32","$7C32","1","argc","DATA","bss"
"shell","RAM","$7C33","$7C53","33","argquoted","DATA","bss"
"shell","RAM","$7C54","$7C95","66","args","DATA","bss"
"shell","RAM","$7C96","$7C96","1","validate","DATA","bss"
"shell","RAM","$7C97","$7CA4","14","number","DATA","bss"
"shell","RAM","$7CA5","$7CA5","1","headertrack","DATA","bss"
"shell","RAM","$7CA6","$7CA6","1","labeloff","DATA","bss"
"shell","RAM","$7CA7","$7CA7","1","idoff","DATA","bss"
"shell","RAM","$7CA8","$7CA8","1","disktracks","DATA","bss"
"shell","RAM","$7CA9","$7CAB","3","diskid","DATA","bss"
"shell","RAM","$7CAC","$7CBD","18","p2","DATA","bss"
"shell","RAM","$7CBE","$7CBE","1","tr","DATA","bss"
"shell","RAM","$7CBF","$7CBF","1","se","DATA","bss"
"shell","RAM","$7CC0","$7CC0","1","r","DATA","bss"
"shell","RAM","$7CC1","$7CC1","1","len","DATA","bss"
"shell","RAM","$7CC2","$7CC2","1","next","DATA","bss"
"shell","RAM","$7CC3","$7CC3","1","sector","DATA","bss"
"shell","RAM","$7CC4","$7CC4","1","ok","DATA","bss"
"shell","RAM","$7CC5","$7CC5","1","lfn","DATA","bss"
"shell","RAM","$7CC6","$7CC6","1","tracks","DATA","bss"
"shell","RAM","$7CC7","$7CC7","1","dirtrack","DATA","bss"
"shell","RAM","$7CC8","$7CC9","2","off","DATA","bss"
"shell","RAM","$7CCA","$7CCB","2","n","DATA","bss"
"shell","RAM","$7CCC","$7CCD","2","pos","DATA","bss"
"shell","RAM","$7CCE","$7CCF","2","record","DATA","bss"
"shell","RAM","$7CD0","$7CD1","2","guard","DATA","bss"
"shell","RAM","$7CD2","$7CE2","17","name","DATA","bss"
"shell","RAM","$7CE3","$7CE7","5","position","DATA","bss"
"shell","RAM","$7CE8","$7CE8","1","launchabsolute","DATA","bss"
"shell","RAM","$7CE9","$7CEA","2","launchaddress","DATA","bss"
"shell","RAM","$7CEB","$7CFB","17","launchname","DATA","bss"
"shell","RAM","$7CFC","$7CFC","1","launchlength","DATA","bss"
"shell","RAM","$7CFD","$7CFD","1","launchdevice","DATA","bss"
"shell","RAM","$7CFE","$7D0F","18","outputpath","DATA","bss"
"shell","RAM","$CFE4","$CFE4","1","ch","BSS","vsnprintf@stack"
"shell","RAM","$CFE5","$CFEA","6","option","BSS","bank_dirdefaults@stack"
"shell","RAM","$CFE5","$CFEA","6","num","BSS","vsnprintf@stack"
"shell","RAM","$CFE5","$CFE5","1","directory_read@stack","BSS","directory_read@stack"
"shell","RAM","$CFE6","$CFE6","1","c","BSS","directory_read@stack"
"shell","RAM","$CFE7","$CFEA","4","h","BSS","directory_read@stack"
"shell","RAM","$CFE9","$CFEA","2","h","BSS","cart_launch@stack"
"shell","RAM","$CFE9","$CFEA","2","address","BSS","directory_open@stack"
"shell","RAM","$CFE9","$CFE9","1","group","BSS","decimal@stack"
"shell","RAM","$CFE9","$CFEA","2","bank_findbyte@stack","BSS","bank_findbyte@stack"
"shell","RAM","$CFEA","$CFEA","1","pos","BSS","decimal@stack"
"shell","RAM","$CFEB","$CFFF","21","sstack","STACK","sstack"
"shell","5","$A000","$A7A7","1960","bank_input","NATIVE_CODE","edit_code"
"shell","5","$A7B3","$A887","213","bank_rawedit","NATIVE_CODE","edit_code"
"shell","5","$A888","$A89E","23","bank_editstatus","NATIVE_CODE","edit_code"
"shell","5","$A89F","$A8C3","37","bank_editsaving","NATIVE_CODE","edit_code"
"shell","5","$A8D1","$AF8E","1726","bank_editcmd","NATIVE_CODE","edit_code"
"shell","5","$AFD1","$B006","54","bank_renderedit","NATIVE_CODE","edit_code"
"shell","5","$B027","$B045","31","bank_editnumber","NATIVE_CODE","edit_code"
"shell","5","$B071","$B085","21","$outline#7","NATIVE_CODE","edit_code"
"shell","5","$B086","$B08E","9","$outline#25","NATIVE_CODE","edit_code"
"shell","5","$B08F","$B0A1","19","$outline#50","NATIVE_CODE","edit_code"
"shell","5","$B0A2","$B0B3","18","$outline#51","NATIVE_CODE","edit_code"
"shell","5","$B0B4","$B0C3","16","$outline#56","NATIVE_CODE","edit_code"
"shell","5","$B0C4","$B0C9","6","$outline#68","NATIVE_CODE","edit_code"
"shell","5","$B0CA","$B0D7","14","$outline#95","NATIVE_CODE","edit_code"
"shell","5","$B0D8","$B0DE","7","$outline#104","NATIVE_CODE","edit_code"
"shell","5","$B0DF","$B0E6","8","$outline#105","NATIVE_CODE","edit_code"
"shell","5","$B0E7","$B0F3","13","$outline#113","NATIVE_CODE","edit_code"
"shell","5","$B0F4","$B0FF","12","$outline#125","NATIVE_CODE","edit_code"
"shell","6","$A000","$A1F0","497","bank_session_restore","NATIVE_CODE","fileutil_code"
"shell","6","$A1F1","$A1F4","4","transfer@proxy","NATIVE_CODE","fileutil_code"
"shell","6","$A1F5","$A208","20","transfer","NATIVE_CODE","fileutil_code"
"shell","6","$A209","$A38E","390","bank_session_save","NATIVE_CODE","fileutil_code"
"shell","6","$A38F","$A4A7","281","bank_help","NATIVE_CODE","fileutil_code"
"shell","6","$A4A8","$A59D","246","bank_diskhelp","NATIVE_CODE","fileutil_code"
"shell","6","$A61B","$A9F3","985","bank_typecmd","NATIVE_CODE","fileutil_code"
"shell","6","$AA51","$ABA6","342","bank_typeoptions","NATIVE_CODE","fileutil_code"
"shell","6","$ABE9","$AD25","317","bank_typehex","NATIVE_CODE","fileutil_code"
"shell","6","$AD5A","$AF06","429","bank_runcmd","NATIVE_CODE","fileutil_code"
"shell","6","$AF7E","$AF9C","31","bank_session_run","NATIVE_CODE","fileutil_code"
"shell","6","$AFD9","$AFEF","23","installwedge","NATIVE_CODE","fileutil_code"
"shell","6","$B01C","$B414","1017","bank_findcmd","NATIVE_CODE","fileutil_code"
"shell","6","$B415","$B57B","359","bank_findoptions","NATIVE_CODE","fileutil_code"
"shell","6","$B5CF","$B686","184","bank_findbyte","NATIVE_CODE","fileutil_code"
"shell","6","$B692","$B6AA","25","bank_session_basic","NATIVE_CODE","fileutil_code"
"shell","6","$B6AB","$B6D1","39","$outline#6","NATIVE_CODE","fileutil_code"
"shell","6","$B6D2","$B6DA","9","$outline#112","NATIVE_CODE","fileutil_code"
"shell","6","$B6DB","$B6ED","19","$outline#16","NATIVE_CODE","fileutil_code"
"shell","6","$B6EE","$B6F4","7","$outline#128","NATIVE_CODE","fileutil_code"
"shell","6","$B6F5","$B702","14","$outline#38","NATIVE_CODE","fileutil_code"
"shell","6","$B703","$B70C","10","$outline#44","NATIVE_CODE","fileutil_code"
"shell","6","$B70D","$B713","7","$outline#67","NATIVE_CODE","fileutil_code"
"shell","6","$B714","$B71D","10","$outline#69","NATIVE_CODE","fileutil_code"
"shell","6","$B71E","$B724","7","$outline#72","NATIVE_CODE","fileutil_code"
"shell","6","$B725","$B72B","7","$outline#99","NATIVE_CODE","fileutil_code"
"shell","6","$B72C","$B736","11","$outline#139","NATIVE_CODE","fileutil_code"
"shell","6","$B737","$B8A4","366","wedge_image","DATA","fileutil_data"
"shell","7","$A000","$A009","10","$outline#40","NATIVE_CODE","filemgmt_code"
"shell","7","$A00A","$A0B8","175","bank_findfile","NATIVE_CODE","filemgmt_code"
"shell","7","$A0B9","$A215","349","bank_directory","NATIVE_CODE","filemgmt_code"
"shell","7","$A25D","$A2BB","95","bank_openread","NATIVE_CODE","filemgmt_code"
"shell","7","$A2CB","$A368","158","bank_openreadtype","NATIVE_CODE","filemgmt_code"
"shell","7","$A389","$A40F","135","bank_dirdefaults","NATIVE_CODE","filemgmt_code"
"shell","7","$A410","$A4F3","228","bank_diroption","NATIVE_CODE","filemgmt_code"
"shell","7","$A500","$A765","614","bank_copycmd","NATIVE_CODE","filemgmt_code"
"shell","7","$A7B0","$A984","469","bank_concatcmd","NATIVE_CODE","filemgmt_code"
"shell","7","$A9EE","$AACB","222","bank_preparewrite","NATIVE_CODE","filemgmt_code"
"shell","7","$AAE4","$AAED","10","$outline#39","NATIVE_CODE","filemgmt_code"
"shell","7","$AAEE","$AB41","84","bank_scratch","NATIVE_CODE","filemgmt_code"
"shell","7","$ABAD","$AD5F","435","bank_copyfile","NATIVE_CODE","filemgmt_code"
"shell","7","$AD6B","$AE07","157","bank_openwrite","NATIVE_CODE","filemgmt_code"
"shell","7","$AE6C","$B032","455","bank_delcmd","NATIVE_CODE","filemgmt_code"
"shell","7","$B04D","$B0D2","134","bank_deletable","NATIVE_CODE","filemgmt_code"
"shell","7","$B0FD","$B563","1127","bank_dircmd","NATIVE_CODE","filemgmt_code"
"shell","7","$B590","$B71F","400","bank_dircompare","NATIVE_CODE","filemgmt_code"
"shell","7","$B76C","$B81B","176","bank_renamecmd","NATIVE_CODE","filemgmt_code"
"shell","7","$B85D","$BB67","779","bank_attribcmd","NATIVE_CODE","filemgmt_code"
"shell","7","$BBAA","$BBB2","9","$outline#2","NATIVE_CODE","filemgmt_code"
"shell","7","$BBB3","$BBC7","21","$outline#8","NATIVE_CODE","filemgmt_code"
"shell","7","$BBC8","$BBCE","7","$outline#13","NATIVE_CODE","filemgmt_code"
"shell","7","$BBCF","$BBD7","9","$outline#14","NATIVE_CODE","filemgmt_code"
"shell","7","$BBD8","$BBDE","7","$outline#22","NATIVE_CODE","filemgmt_code"
"shell","7","$BBDF","$BBE9","11","$outline#127","NATIVE_CODE","filemgmt_code"
"shell","7","$BBEA","$BBF2","9","$outline#24","NATIVE_CODE","filemgmt_code"
"shell","7","$BBF3","$BBFB","9","$outline#26","NATIVE_CODE","filemgmt_code"
"shell","7","$BBFC","$BC07","12","$outline#28","NATIVE_CODE","filemgmt_code"
"shell","7","$BC08","$BC12","11","$outline#31","NATIVE_CODE","filemgmt_code"
"shell","7","$BC13","$BC1D","11","$outline#32","NATIVE_CODE","filemgmt_code"
"shell","7","$BC1E","$BC25","8","$outline#114","NATIVE_CODE","filemgmt_code"
"shell","7","$BC26","$BC30","11","$outline#33","NATIVE_CODE","filemgmt_code"
"shell","7","$BC31","$BC39","9","$outline#35","NATIVE_CODE","filemgmt_code"
"shell","7","$BC3A","$BC47","14","$outline#37","NATIVE_CODE","filemgmt_code"
"shell","7","$BC48","$BC55","14","$outline#43","NATIVE_CODE","filemgmt_code"
"shell","7","$BC56","$BC5F","10","$outline#92","NATIVE_CODE","filemgmt_code"
"shell","7","$BC60","$BC65","6","$outline#46","NATIVE_CODE","filemgmt_code"
"shell","7","$BC66","$BC71","12","$outline#52","NATIVE_CODE","filemgmt_code"
"shell","7","$BC72","$BC82","17","$outline#54","NATIVE_CODE","filemgmt_code"
"shell","7","$BC83","$BC91","15","$outline#58","NATIVE_CODE","filemgmt_code"
"shell","7","$BC92","$BCA1","16","$outline#59","NATIVE_CODE","filemgmt_code"
"shell","7","$BCA2","$BCAB","10","$outline#63","NATIVE_CODE","filemgmt_code"
"shell","7","$BCAC","$BCB1","6","$outline#70","NATIVE_CODE","filemgmt_code"
"shell","7","$BCB2","$BCC1","16","$outline#73","NATIVE_CODE","filemgmt_code"
"shell","7","$BCC2","$BCCA","9","$outline#74","NATIVE_CODE","filemgmt_code"
"shell","7","$BCCB","$BCD9","15","$outline#78","NATIVE_CODE","filemgmt_code"
"shell","7","$BCDA","$BCE7","14","$outline#85","NATIVE_CODE","filemgmt_code"
"shell","7","$BCE8","$BCF0","9","$outline#88","NATIVE_CODE","filemgmt_code"
"shell","7","$BCF1","$BCF9","9","$outline#89","NATIVE_CODE","filemgmt_code"
"shell","7","$BCFA","$BD07","14","$outline#90","NATIVE_CODE","filemgmt_code"
"shell","7","$BD08","$BD15","14","$outline#93","NATIVE_CODE","filemgmt_code"
"shell","7","$BD16","$BD23","14","$outline#96","NATIVE_CODE","filemgmt_code"
"shell","7","$BD24","$BD2A","7","$outline#107","NATIVE_CODE","filemgmt_code"
"shell","7","$BD2B","$BD37","13","$outline#111","NATIVE_CODE","filemgmt_code"
"shell","7","$BD38","$BD3F","8","$outline#115","NATIVE_CODE","filemgmt_code"
"shell","7","$BD40","$BD4B","12","$outline#119","NATIVE_CODE","filemgmt_code"
"shell","7","$BD4C","$BD55","10","$outline#123","NATIVE_CODE","filemgmt_code"
"shell","7","$BD56","$BD60","11","$outline#129","NATIVE_CODE","filemgmt_code"
"shell","7","$BD61","$BD6B","11","$outline#130","NATIVE_CODE","filemgmt_code"
"shell","7","$BD6C","$BD76","11","$outline#131","NATIVE_CODE","filemgmt_code"
"shell","7","$BD77","$BD81","11","$outline#138","NATIVE_CODE","filemgmt_code"
"shell","7","$BD82","$BD8C","11","$outline#143","NATIVE_CODE","filemgmt_code"
"shell","7","$BD8D","$BD97","11","$outline#144","NATIVE_CODE","filemgmt_code"
"shell","8","$A000","$A04D","78","bank_drivetype","NATIVE_CODE","disk_code"
"shell","8","$A04E","$A1D4","391","bank_drivemodel","NATIVE_CODE","disk_code"
"shell","8","$A20F","$A4F8","746","bank_volcmd","NATIVE_CODE","disk_code"
"shell","8","$A5F3","$A6A3","177","bank_driveinfo","NATIVE_CODE","disk_code"
"shell","8","$A781","$A8A8","296","bank_bam","NATIVE_CODE","disk_code"
"shell","8","$A8AF","$A8B3","5","bank_rawopen@proxy","NATIVE_CODE","disk_code"
"shell","8","$A8B4","$A8B8","5","bank_rawopen","NATIVE_CODE","disk_code"
"shell","8","$A8B9","$A905","77","bank_rawchannel","NATIVE_CODE","disk_code"
"shell","8","$A918","$A928","17","$outline#30","NATIVE_CODE","disk_code"
"shell","8","$A929","$A92D","5","bank_blockio","NATIVE_CODE","disk_code"
"shell","8","$A92E","$AA08","219","bank_blockchannel","NATIVE_CODE","disk_code"
"shell","8","$AAB7","$AE8B","981","bank_copyrel","NATIVE_CODE","disk_code"
"shell","8","$AE8C","$AE90","5","bank_tracksectors@proxy","NATIVE_CODE","disk_code"
"shell","8","$AE91","$AEB9","41","bank_tracksectors","NATIVE_CODE","disk_code"
"shell","8","$AED5","$B10D","569","bank_diskcopycmd","NATIVE_CODE","disk_code"
"shell","8","$B21B","$B394","378","bank_formatcmd","NATIVE_CODE","disk_code"
"shell","8","$B498","$B614","381","bank_labelcmd","NATIVE_CODE","disk_code"
"shell","8","$B6AA","$B827","382","bank_diskidcmd","NATIVE_CODE","disk_code"
"shell","8","$B865","$B8BD","89","bank_diskinitcmd","NATIVE_CODE","disk_code"
"shell","8","$B8D8","$B8E3","12","$outline#0","NATIVE_CODE","disk_code"
"shell","8","$B8E4","$B8EC","9","$outline#106","NATIVE_CODE","disk_code"
"shell","8","$B8ED","$B8F7","11","$outline#3","NATIVE_CODE","disk_code"
"shell","8","$B8F8","$B907","16","$outline#5","NATIVE_CODE","disk_code"
"shell","8","$B908","$B916","15","$outline#9","NATIVE_CODE","disk_code"
"shell","8","$B917","$B922","12","$outline#10","NATIVE_CODE","disk_code"
"shell","8","$B923","$B92E","12","$outline#12","NATIVE_CODE","disk_code"
"shell","8","$B92F","$B93A","12","$outline#20","NATIVE_CODE","disk_code"
"shell","8","$B93B","$B944","10","$outline#91","NATIVE_CODE","disk_code"
"shell","8","$B945","$B94A","6","$outline#21","NATIVE_CODE","disk_code"
"shell","8","$B94B","$B968","30","$outline#23","NATIVE_CODE","disk_code"
"shell","8","$B969","$B974","12","$outline#27","NATIVE_CODE","disk_code"
"shell","8","$B975","$B97B","7","$outline#36","NATIVE_CODE","disk_code"
"shell","8","$B97C","$B988","13","$outline#45","NATIVE_CODE","disk_code"
"shell","8","$B989","$B991","9","$outline#84","NATIVE_CODE","disk_code"
"shell","8","$B992","$B99A","9","$outline#53","NATIVE_CODE","disk_code"
"shell","8","$B99B","$B9AB","17","$outline#55","NATIVE_CODE","disk_code"
"shell","8","$B9AC","$B9B5","10","$outline#60","NATIVE_CODE","disk_code"
"shell","8","$B9B6","$B9BC","7","$outline#64","NATIVE_CODE","disk_code"
"shell","8","$B9BD","$B9C2","6","$outline#65","NATIVE_CODE","disk_code"
"shell","8","$B9C3","$B9C8","6","$outline#66","NATIVE_CODE","disk_code"
"shell","8","$B9C9","$B9D0","8","$outline#71","NATIVE_CODE","disk_code"
"shell","8","$B9D1","$B9DF","15","$outline#75","NATIVE_CODE","disk_code"
"shell","8","$B9E0","$B9EC","13","$outline#81","NATIVE_CODE","disk_code"
"shell","8","$B9ED","$B9F5","9","$outline#83","NATIVE_CODE","disk_code"
"shell","8","$B9F6","$B9FD","8","$outline#94","NATIVE_CODE","disk_code"
"shell","8","$B9FE","$BA06","9","$outline#97","NATIVE_CODE","disk_code"
"shell","8","$BA07","$BA0C","6","$outline#103","NATIVE_CODE","disk_code"
"shell","8","$BA0D","$BA19","13","$outline#108","NATIVE_CODE","disk_code"
"shell","8","$BA1A","$BA26","13","$outline#110","NATIVE_CODE","disk_code"
"shell","8","$BA27","$BA2E","8","$outline#118","NATIVE_CODE","disk_code"
"shell","8","$BA2F","$BA3A","12","$outline#121","NATIVE_CODE","disk_code"
"shell","8","$BA3B","$BA42","8","$outline#122","NATIVE_CODE","disk_code"
"shell","8","$BA43","$BA4D","11","$outline#132","NATIVE_CODE","disk_code"
"shell","8","$BA4E","$BA58","11","$outline#134","NATIVE_CODE","disk_code"
"shell","8","$BA59","$BA63","11","$outline#135","NATIVE_CODE","disk_code"
"shell","8","$BA64","$BA6E","11","$outline#137","NATIVE_CODE","disk_code"
"shell","8","$BA6F","$BA79","11","$outline#140","NATIVE_CODE","disk_code"
"shell","9","$A000","$A1CB","460","bank_bootsplash","NATIVE_CODE","boot_code"
"shell","9","$A1CC","$A43E","627","bank_sysinfo","NATIVE_CODE","boot_code"
"shell","9","$A49D","$A5FF","355","bank_ultimate","NATIVE_CODE","boot_code"
"shell","9","$A606","$A609","4","bank_romtext@proxy","NATIVE_CODE","boot_code"
"shell","9","$A60A","$A60D","4","bank_romtext@proxy","NATIVE_CODE","boot_code"
"shell","9","$A60E","$A630","35","bank_romtext","NATIVE_CODE","boot_code"
"shell","9","$A782","$A833","178","bank_kernalname","NATIVE_CODE","boot_code"
"shell","9","$A95F","$A967","9","splash_nmi_address","NATIVE_CODE","boot_code"
"shell","9","$A97D","$AB3A","446","bank_bootstart","NATIVE_CODE","boot_code"
"shell","9","$AB8D","$AC7F","243","bank_tapecopy_report","NATIVE_CODE","boot_code"
"shell","9","$ACA8","$AD0E","103","start","NATIVE_CODE","boot_code"
"shell","9","$AE2E","$B0BC","655","bank_startupcharset","NATIVE_CODE","boot_code"
"shell","9","$B0F5","$B10A","22","bank_startupprompt","NATIVE_CODE","boot_code"
"shell","9","$B112","$B21B","266","bank_startupcolor","NATIVE_CODE","boot_code"
"shell","9","$B230","$B671","1090","bank_setcmd","NATIVE_CODE","boot_code"
"shell","9","$B6FE","$B88E","401","bank_tapecopycmd","NATIVE_CODE","boot_code"
"shell","9","$B8E3","$B8ED","11","bank_romtext@proxy","NATIVE_CODE","boot_code"
"shell","9","$B8EE","$B8F8","11","$outline#11","NATIVE_CODE","boot_code"
"shell","9","$B8F9","$B8FB","3","$outline#15","NATIVE_CODE","boot_code"
"shell","9","$B8FC","$B906","11","$outline#133","NATIVE_CODE","boot_code"
"shell","9","$B907","$B914","14","$outline#42","NATIVE_CODE","boot_code"
"shell","9","$B915","$B91D","9","$outline#49","NATIVE_CODE","boot_code"
"shell","9","$B91E","$B927","10","$outline#61","NATIVE_CODE","boot_code"
"shell","9","$B928","$B930","9","$outline#86","NATIVE_CODE","boot_code"
"shell","9","$B931","$B93D","13","$outline#102","NATIVE_CODE","boot_code"
"shell","9","$B93E","$B943","6","$outline#109","NATIVE_CODE","boot_code"
"shell","9","$B944","$B94A","7","$outline#120","NATIVE_CODE","boot_code"
"shell","9","$B94B","$B95E","20","product","DATA","boot_data"
"shell","9","$B95F","$B97A","28","copyright","DATA","boot_data"
"shell","9","$B97B","$B986","12","models","DATA","boot_data"
"shell","9","$B987","$BA66","224","bootlogo","DATA","boot_data"
"shell","9","$BA67","$BA70","10","reader","DATA","boot_data"
"fs","4","$0700","$0700","1","error","DATA","bss"
"fs","4","$0701","$0730","48","channels","DATA","bss"
"fs","4","$0731","$0731","1","rotating","DATA","bss"
"fs","4","$0732","$0732","1","failed","DATA","bss"
"fs","4","$0733","$0733","1","writer","DATA","bss"
"fs","4","$0734","$0734","1","mounted","DATA","bss"
"fs","4","$0735","$0735","1","count","DATA","bss"
"fs","4","$0736","$0737","2","livebytes","DATA","bss"
"fs","4","$0738","$0738","1","active","DATA","bss"
"fs","4","$0739","$0739","1","dirty","DATA","bss"
"fs","4","$073A","$0759","32","entry","DATA","bss"
"fs","4","$075A","$075B","2","tail","DATA","bss"
"fs","4","$075C","$075D","2","generation","DATA","bss"
"fs","4","$075E","$075F","2","ss_gen","DATA","bss"
"fs","4","$0760","$0760","1","ss_failed","DATA","bss"
"fs","4","$0761","$0761","1","ss_slot","DATA","bss"
"fs","4","$0762","$0763","2","ss_pos","DATA","bss"
"fs","4","$0764","$0765","2","ss_crc","DATA","bss"
"fs","4","$0766","$0767","2","cursor","DATA","bss"
"fs","4","$0768","$0769","2","writebase","DATA","bss"
"fs","4","$076A","$076B","2","data_crc","DATA","bss"
"fs","4","$076C","$076C","1","target","DATA","bss"
"fs","4","$076D","$076D","1","wslot","DATA","bss"
"fs","4","$076E","$076F","2","oldlen","DATA","bss"
"fs","4","$0770","$0780","17","newname","DATA","bss"
"fs","4","$0781","$0781","1","newtype","DATA","bss"
"fs","4","$8000","$800B","12","startup","NATIVE_CODE","startup"
"fs","4","$8020","$8F33","3860","dispatch","NATIVE_CODE","code"
"fs","4","$8F34","$8F4E","27","hal","NATIVE_CODE","code"
"fs","4","$8F4F","$8FEC","158","headerend","NATIVE_CODE","code"
"fs","4","$8FED","$8FF0","4","get@proxy","NATIVE_CODE","code"
"fs","4","$8FF1","$900E","30","get","NATIVE_CODE","code"
"fs","4","$900F","$9012","4","crcbyte@proxy","NATIVE_CODE","code"
"fs","4","$9013","$902C","26","crcbyte","NATIVE_CODE","code"
"fs","4","$902D","$9030","4","word@proxy","NATIVE_CODE","code"
"fs","4","$9031","$9055","37","word","NATIVE_CODE","code"
"fs","4","$9056","$9215","448","scan","NATIVE_CODE","code"
"fs","4","$9216","$9219","4","record@proxy","NATIVE_CODE","code"
"fs","4","$921A","$9234","27","record","NATIVE_CODE","code"
"fs","4","$9235","$9256","34","readentry","NATIVE_CODE","code"
"fs","4","$9257","$92E0","138","recordcrc","NATIVE_CODE","code"
"fs","4","$92E1","$931B","59","apply","NATIVE_CODE","code"
"fs","4","$931C","$933C","33","activate","NATIVE_CODE","code"
"fs","4","$933D","$9348","12","$outline#10","NATIVE_CODE","code"
"fs","4","$9349","$9393","75","totals","NATIVE_CODE","code"
"fs","4","$9394","$9398","5","ss_get@proxy","NATIVE_CODE","code"
"fs","4","$9399","$93BD","37","ss_get","NATIVE_CODE","code"
"fs","4","$93BE","$93C9","12","$outline#4","NATIVE_CODE","code"
"fs","4","$93CA","$9413","74","ss_header","NATIVE_CODE","code"
"fs","4","$9414","$9417","4","ss_word@proxy","NATIVE_CODE","code"
"fs","4","$9418","$9434","29","ss_word","NATIVE_CODE","code"
"fs","4","$9435","$9438","4","ss_put@proxy","NATIVE_CODE","code"
"fs","4","$9439","$946F","55","ss_put","NATIVE_CODE","code"
"fs","4","$9470","$949A","43","ss_check","NATIVE_CODE","code"
"fs","4","$949B","$94BE","36","helpword","NATIVE_CODE","code"
"fs","4","$94BF","$94D0","18","helpbyte","NATIVE_CODE","code"
"fs","4","$94D1","$94D8","8","find@proxy","NATIVE_CODE","code"
"fs","4","$94D9","$9516","62","find","NATIVE_CODE","code"
"fs","4","$9517","$9543","45","strcmp","NATIVE_CODE","code"
"fs","4","$9544","$95CC","137","startwrite","NATIVE_CODE","code"
"fs","4","$95CD","$962D","97","prepare","NATIVE_CODE","code"
"fs","4","$962E","$97FF","466","compact","NATIVE_CODE","code"
"fs","4","$9800","$9806","7","$outline#23","NATIVE_CODE","code"
"fs","4","$9807","$983A","52","payload","NATIVE_CODE","code"
"fs","4","$983B","$9861","39","put","NATIVE_CODE","code"
"fs","4","$9862","$9869","8","finishrecord@proxy","NATIVE_CODE","code"
"fs","4","$986A","$99BF","342","finishrecord","NATIVE_CODE","code"
"fs","4","$99C0","$99C3","4","putword@proxy","NATIVE_CODE","code"
"fs","4","$99C4","$99E3","32","putword","NATIVE_CODE","code"
"fs","4","$99E4","$9ABA","215","seal","NATIVE_CODE","code"
"fs","4","$9ABB","$9B35","123","reserve","NATIVE_CODE","code"
"fs","4","$9B36","$9B43","14","abortwrite","NATIVE_CODE","code"
"fs","4","$9B44","$9C08","197","completewrite","NATIVE_CODE","code"
"fs","4","$9C09","$9C24","28","strlen","NATIVE_CODE","code"
"fs","4","$9C25","$9C46","34","strchr","NATIVE_CODE","code"
"fs","4","$9C47","$9C4E","8","matches@proxy","NATIVE_CODE","code"
"fs","4","$9C4F","$9CE6","152","matches","NATIVE_CODE","code"
"fs","4","$9CE7","$9D26","64","metadata","NATIVE_CODE","code"
"fs","4","$9D32","$9D3D","12","strncmp@proxy","NATIVE_CODE","code"
"fs","4","$9D3E","$9D99","92","strncmp","NATIVE_CODE","code"
"fs","4","$9DAD","$9DE1","53","number","NATIVE_CODE","code"
"fs","4","$9DEE","$9E78","139","divmod","NATIVE_CODE","code"
"fs","4","$9E79","$9E88","16","__multab4096L","DATA","code"
"fs","4","$9E89","$9E98","16","__multab4096H","DATA","code"
"fs","4","$9E99","$9E9F","7","put@proxy","NATIVE_CODE","code"
"fs","4","$9EA0","$9EB6","23","$outline#1","NATIVE_CODE","code"
"fs","4","$9EB7","$9EBD","7","put@proxy","NATIVE_CODE","code"
"fs","4","$9EBE","$9EC4","7","record@proxy","NATIVE_CODE","code"
"fs","4","$9EC5","$9ECB","7","ss_word@proxy","NATIVE_CODE","code"
"fs","4","$9ECC","$9ED2","7","ss_word@proxy","NATIVE_CODE","code"
"fs","4","$9ED3","$9EDD","11","ss_get@proxy","NATIVE_CODE","code"
"fs","4","$9EDE","$9EE8","11","word@proxy","NATIVE_CODE","code"
"fs","4","$9EE9","$9EEF","7","word@proxy","NATIVE_CODE","code"
"fs","4","$9EF0","$9EF6","7","crcbyte@proxy","NATIVE_CODE","code"
"fs","4","$9EF7","$9F01","11","get@proxy","NATIVE_CODE","code"
"fs","4","$9F02","$9F05","4","get@proxy","NATIVE_CODE","code"
"fs","4","$9F06","$9F0C","7","get@proxy","NATIVE_CODE","code"
"fs","4","$9F0D","$9F1A","14","$outline#0","NATIVE_CODE","code"
"fs","4","$9F1B","$9F25","11","$outline#2","NATIVE_CODE","code"
"fs","4","$9F26","$9F2D","8","$outline#3","NATIVE_CODE","code"
"fs","4","$9F2E","$9F34","7","$outline#5","NATIVE_CODE","code"
"fs","4","$9F35","$9F45","17","$outline#6","NATIVE_CODE","code"
"fs","4","$9F46","$9F4F","10","$outline#7","NATIVE_CODE","code"
"fs","4","$9F50","$9F56","7","$outline#18","NATIVE_CODE","code"
"fs","4","$9F57","$9F66","16","$outline#8","NATIVE_CODE","code"
"fs","4","$9F67","$9F76","16","$outline#9","NATIVE_CODE","code"
"fs","4","$9F77","$9F84","14","$outline#11","NATIVE_CODE","code"
"fs","4","$9F85","$9F92","14","$outline#12","NATIVE_CODE","code"
"fs","4","$9F93","$9FA0","14","$outline#13","NATIVE_CODE","code"
"fs","4","$9FA1","$9FA9","9","$outline#14","NATIVE_CODE","code"
"fs","4","$9FAA","$9FB2","9","$outline#15","NATIVE_CODE","code"
"fs","4","$9FB3","$9FBB","9","$outline#16","NATIVE_CODE","code"
"fs","4","$9FBC","$9FC9","14","$outline#17","NATIVE_CODE","code"
"fs","4","$9FCA","$9FDA","17","$outline#19","NATIVE_CODE","code"
"fs","4","$9FDB","$9FE6","12","$outline#20","NATIVE_CODE","code"
"fs","4","$9FE7","$9FF1","11","$outline#21","NATIVE_CODE","code"
"fs","4","$9FF2","$9FFC","11","$outline#22","NATIVE_CODE","code"
"fs","4","$9FFD","$A1FC","512","crc_table","DATA","data"
"fs","4","$C71A","$C72E","21","dispatch@stack","BSS","dispatch@stack"
"fs","4","$C72F","$C746","24","trial","BSS","dispatch@stack"
"fs","4","$C747","$C75E","24","devices","BSS","dispatch@stack"
"fs","4","$C75F","$C76F","17","b","BSS","dispatch@stack"
"fs","4","$C770","$C780","17","a","BSS","dispatch@stack"
"fs","4","$C781","$C791","17","dest","BSS","dispatch@stack"
"fs","4","$C792","$C7A2","17","name","BSS","dispatch@stack"
"fs","4","$C7A3","$C7CB","41","request","BSS","dispatch@stack"
"fs","4","$C7CC","$C7DC","17","name","BSS","dispatch@stack"
"fs","4","$C7DD","$C7F1","21","compact@stack","BSS","compact@stack"
"fs","4","$C7ED","$C7F1","5","completewrite@stack","BSS","completewrite@stack"
"fs","4","$C7F1","$C7F5","5","digits","BSS","number@stack"
"fs","4","$C7F2","$C7F5","4","finishrecord@stack","BSS","finishrecord@stack"
"fs","4","$C7F6","$C7FF","10","sstack","STACK","sstack"
"tape","11","$A000","$A021","34","startup","NATIVE_CODE","startup"
"tape","11","$A040","$A4E8","1193","copy_main","NATIVE_CODE","code"
"tape","11","$A4E9","$A4EF","7","$outline#0","NATIVE_CODE","code"
"tape","11","$A4F0","$A4F9","10","krnio_chrout","NATIVE_CODE","code"
"tape","11","$A4FA","$A501","8","krnio_setnam@proxy","NATIVE_CODE","code"
"tape","11","$A502","$A517","22","krnio_setnam","NATIVE_CODE","code"
"tape","11","$A519","$A520","8","krnio_open@proxy","NATIVE_CODE","code"
"tape","11","$A521","$A54E","46","krnio_open","NATIVE_CODE","code"
"tape","11","$A54F","$A5AE","96","status","NATIVE_CODE","code"
"tape","11","$A5AF","$A5C3","21","krnio_chkin","NATIVE_CODE","code"
"tape","11","$A5C4","$A5CB","8","krnio_chrin","NATIVE_CODE","code"
"tape","11","$A5CC","$A5D7","12","krnio_status","NATIVE_CODE","code"
"tape","11","$A5D8","$A5DB","4","krnio_clrchn","NATIVE_CODE","code"
"tape","11","$A5EF","$A60F","33","out","NATIVE_CODE","code"
"tape","11","$A610","$A61F","16","readblock@proxy","NATIVE_CODE","code"
"tape","11","$A620","$A646","39","readblock","NATIVE_CODE","code"
"tape","11","$A667","$A67E","24","key","NATIVE_CODE","code"
"tape","11","$A6BD","$A6CB","15","call","NATIVE_CODE","code"
"tape","11","$A6CC","$A6FF","52","strcat","NATIVE_CODE","code"
"tape","11","$A703","$A70A","8","krnio_close","NATIVE_CODE","code"
"tape","11","$A728","$A7AB","132","openoutput","NATIVE_CODE","code"
"tape","11","$A7B6","$A7B9","4","writebytes@proxy","NATIVE_CODE","code"
"tape","11","$A7BA","$A85A","161","writebytes","NATIVE_CODE","code"
"tape","11","$A85B","$A86F","21","krnio_chkout","NATIVE_CODE","code"
"tape","11","$A877","$A8DA","100","cleanup","NATIVE_CODE","code"
"tape","11","$A8DF","$A8E9","11","$outline#1","NATIVE_CODE","code"
"tape","11","$A8EA","$A9AC","195","tape_bridge","DATA","data"
"tape","RAM","$C800","$C800","1","device","DATA","bss"
"tape","RAM","$C801","$C801","1","opened","DATA","bss"
"tape","RAM","$C802","$C811","16","krnio_pstatus","DATA","bss"
"tape","RAM","$C812","$C812","1","kind","DATA","bss"
"tape","RAM","$C813","$C823","17","stored","DATA","bss"
"tape","RAM","$C824","$C834","17","name","DATA","bss"
"tape","RAM","$C835","$C84C","24","request","DATA","bss"
"tape","RAM","$CFFE","$CFFF","2","copy_main@stack","BSS","copy_main@stack"
